{"count":1,"self":19527.9945728,"total":34156.2408937,"children":{"InitializeActuators":{"count":1,"self":0.0029944999999999998,"total":0.0029944999999999998,"children":null},"InitializeSensors":{"count":1,"self":0.0029993,"total":0.0029993,"children":null},"AgentSendState":{"count":18384251,"self":212.9589888,"total":1888.1257755,"children":{"CollectObservations":{"count":1838426,"self":14.8842144,"total":14.8842138,"children":null},"WriteActionMask":{"count":1838426,"self":9.689616,"total":9.6896159,"children":null},"RequestDecision":{"count":1838426,"self":47.9261568,"total":1650.5929508,"children":{"AgentInfo.ToProto":{"count":1838426,"self":38.565987199999995,"total":1602.6667943,"children":{"GenerateSensorData":{"count":1838426,"self":1439.4180608,"total":1564.1008077,"children":{"RayPerceptionSensor.Perceive":{"count":1838426,"self":124.68270079999999,"total":124.6827033,"children":null}}}}}}}}},"DecideAction":{"count":18384251,"self":12365.372620799999,"total":12365.372280099999,"children":null},"AgentAct":{"count":18384251,"self":307.3439744,"total":307.3439651,"children":null},"AgentInfo.ToProto":{"count":78542,"self":1.8497561999999999,"total":67.3975519,"children":{"GenerateSensorData":{"count":78542,"self":59.5798784,"total":65.5477957,"children":{"RayPerceptionSensor.Perceive":{"count":78542,"self":5.9679167999999994,"total":5.967917,"children":null}}}}}},"gauges":{"KazooKart.CumulativeReward":{"count":78542,"max":24.2500172,"min":-2.42501068,"runningAverage":18.2177925,"value":24.2200165,"weightedAverage":22.7811546}},"metadata":{"timer_format_version":"0.1.0","start_time_seconds":"1619669225","unity_version":"2019.4.20f1","command_line_arguments":"C:\\Program Files\\Unity\\Hub\\Editor\\2019.4.20f1\\Editor\\Unity.exe -projectpath T:\/School\/S21\/Machine Learning\/Term Project\/GitClones\/1\/KazooKart\/Kazoo Kart -useHub -hubIPC -cloudEnvironment production -hubSessionId d69e9bb0-a89e-11eb-b37d-af142ad67def -accessToken XBg7LcgfE6iHY4zplvZ_-MGVdt02MJIassZf_pBIUDo002f","communication_protocol_version":"1.3.0","com.unity.ml-agents_version":"1.7.2-preview","scene_name":"Course_3","end_time_seconds":"1619703381"}}